split,fold,phase_label,frames,subjects,sequences
development,0,initial_contact_loading,2385,25,250
development,0,mid_stance,3301,25,250
development,0,swing,5449,25,250
development,0,terminal_stance_preswing,5208,25,250
development,1,initial_contact_loading,2458,25,250
development,1,mid_stance,3282,25,250
development,1,swing,5601,25,250
development,1,terminal_stance_preswing,5395,25,250
development,2,initial_contact_loading,2291,24,240
development,2,mid_stance,3211,24,240
development,2,swing,5319,24,240
development,2,terminal_stance_preswing,5061,24,240
development,3,initial_contact_loading,2257,24,240
development,3,mid_stance,2993,24,240
development,3,swing,5038,24,240
development,3,terminal_stance_preswing,4865,24,240
development,4,initial_contact_loading,2328,24,240
development,4,mid_stance,3127,24,240
development,4,swing,5284,24,240
development,4,terminal_stance_preswing,5029,24,240
test,-1,initial_contact_loading,3013,31,310
test,-1,mid_stance,4060,31,310
test,-1,swing,6855,31,310
test,-1,terminal_stance_preswing,6520,31,310
