"relative_path","size_bytes","integrity","entry_count","file_entries","uncompressed_bytes","sample_entries","error"
"Gait\dataset_a.zip","4671618","PASS","4574","4571","3889931","heel_strike/fyc-00_2-048.png | heel_strike/fyc-00_2-062.png | heel_strike/fyc-00_3-008.png",""
"GaitDatasetC-silh\001.zip","413125","PASS","596","585","343111","001/fb00/052.png | 001/fb00/053.png | 001/fb00/054.png",""
"GaitDatasetC-silh\002.zip","523307","PASS","708","697","432532","002/fb00/061.png | 002/fb00/062.png | 002/fb00/063.png",""
"GaitDatasetC-silh\003.zip","358331","PASS","590","579","295051","003/fb00/044.png | 003/fb00/045.png | 003/fb00/046.png",""
"GaitDatasetC-silh\004.zip","364517","PASS","599","588","302360","004/fb00/045.png | 004/fb00/046.png | 004/fb00/047.png",""
"GaitDatasetC-silh\005.zip","442303","PASS","751","740","368005","005/fb00/069.png | 005/fb00/070.png | 005/fb00/071.png",""
"GaitDatasetC-silh\006.zip","430120","PASS","690","679","362511","006/fb00/047.png | 006/fb00/048.png | 006/fb00/049.png",""
"GaitDatasetC-silh\007.zip","408079","PASS","714","703","343046","007/fb00/051.png | 007/fb00/052.png | 007/fb00/053.png",""
"GaitDatasetC-silh\008.zip","465858","PASS","791","780","383413","008/fb00/059.png | 008/fb00/060.png | 008/fb00/061.png",""
"GaitDatasetC-silh\009.zip","467037","PASS","722","711","385442","009/fb00/049.png | 009/fb00/050.png | 009/fb00/051.png",""
"GaitDatasetC-silh\010.zip","433371","PASS","750","739","357777","010/fb00/058.png | 010/fb00/059.png | 010/fb00/060.png",""
"GaitDatasetC-silh\011.zip","419396","PASS","709","698","342485","011/fb00/051.png | 011/fb00/052.png | 011/fb00/053.png",""
"GaitDatasetC-silh\012.zip","431964","PASS","692","681","360216","012/fb00/054.png | 012/fb00/055.png | 012/fb00/056.png",""
"GaitDatasetC-silh\013.zip","508630","PASS","829","818","423056","013/fb00/040.png | 013/fb00/041.png | 013/fb00/042.png",""
"GaitDatasetC-silh\014.zip","497084","PASS","747","736","410323","014/fb00/049.png | 014/fb00/050.png | 014/fb00/051.png",""
"GaitDatasetC-silh\015.zip","474284","PASS","747","736","391198","015/fb00/047.png | 015/fb00/048.png | 015/fb00/049.png",""
"GaitDatasetC-silh\016.zip","466826","PASS","766","755","381790","016/fb00/064.png | 016/fb00/065.png | 016/fb00/066.png",""
"GaitDatasetC-silh\017.zip","416750","PASS","729","718","341846","017/fb00/055.png | 017/fb00/056.png | 017/fb00/057.png",""
"GaitDatasetC-silh\018.zip","359954","PASS","598","587","298344","018/fb00/039.png | 018/fb00/040.png | 018/fb00/041.png",""
"GaitDatasetC-silh\019.zip","358287","PASS","583","572","297182","019/fb00/033.png | 019/fb00/034.png | 019/fb00/035.png",""
"GaitDatasetC-silh\020.zip","408443","PASS","662","651","335956","020/fb00/042.png | 020/fb00/043.png | 020/fb00/044.png",""
"GaitDatasetC-silh\021.zip","413425","PASS","627","616","341211","021/fb00/078.png | 021/fb00/079.png | 021/fb00/080.png",""
"GaitDatasetC-silh\022.zip","416246","PASS","661","650","344155","022/fb00/055.png | 022/fb00/056.png | 022/fb00/057.png",""
"GaitDatasetC-silh\023.zip","337604","PASS","593","582","284814","023/fb00/074.png | 023/fb00/075.png | 023/fb00/076.png",""
"GaitDatasetC-silh\024.zip","406839","PASS","650","639","342702","024/fb00/049.png | 024/fb00/050.png | 024/fb00/051.png",""
"GaitDatasetC-silh\025.zip","323792","PASS","607","596","274933","025/fb00/055.png | 025/fb00/056.png | 025/fb00/057.png",""
"GaitDatasetC-silh\026.zip","340303","PASS","574","563","286001","026/fb00/043.png | 026/fb00/044.png | 026/fb00/045.png",""
"GaitDatasetC-silh\027.zip","389554","PASS","659","648","333668","027/fb00/050.png | 027/fb00/051.png | 027/fb00/052.png",""
"GaitDatasetC-silh\028.zip","392999","PASS","700","689","329620","028/fb00/042.png | 028/fb00/043.png | 028/fb00/044.png",""
"GaitDatasetC-silh\029.zip","393448","PASS","696","685","326757","029/fb00/036.png | 029/fb00/037.png | 029/fb00/038.png",""
"GaitDatasetC-silh\030.zip","451775","PASS","747","736","373894","030/fb00/045.png | 030/fb00/046.png | 030/fb00/047.png",""
"GaitDatasetC-silh\031.zip","386770","PASS","584","573","326089","031/fb00/048.png | 031/fb00/049.png | 031/fb00/050.png",""
"GaitDatasetC-silh\032.zip","368367","PASS","550","539","303562","032/fb00/042.png | 032/fb00/043.png | 032/fb00/044.png",""
"GaitDatasetC-silh\033.zip","322948","PASS","561","550","270514","033/fb00/041.png | 033/fb00/042.png | 033/fb00/043.png",""
"GaitDatasetC-silh\034.zip","383535","PASS","666","655","320495","034/fb00/048.png | 034/fb00/049.png | 034/fb00/050.png",""
"GaitDatasetC-silh\035.zip","346607","PASS","653","642","287063","035/fb00/039.png | 035/fb00/040.png | 035/fb00/041.png",""
"GaitDatasetC-silh\036.zip","426446","PASS","751","740","356869","036/fb00/049.png | 036/fb00/050.png | 036/fb00/051.png",""
"GaitDatasetC-silh\037.zip","436136","PASS","711","700","359616","037/fb00/027.png | 037/fb00/028.png | 037/fb00/029.png",""
"GaitDatasetC-silh\038.zip","385546","PASS","604","593","320075","038/fb00/042.png | 038/fb00/043.png | 038/fb00/044.png",""
"GaitDatasetC-silh\039.zip","337857","PASS","590","579","286063","039/fb00/038.png | 039/fb00/039.png | 039/fb00/040.png",""
"GaitDatasetC-silh\040.zip","456682","PASS","707","696","375013","040/fb00/063.png | 040/fb00/064.png | 040/fb00/065.png",""
"GaitDatasetC-silh\041.zip","423716","PASS","687","676","354245","041/fb00/054.png | 041/fb00/055.png | 041/fb00/056.png",""
"GaitDatasetC-silh\042.zip","353639","PASS","567","556","290949","042/fb00/036.png | 042/fb00/037.png | 042/fb00/038.png",""
"GaitDatasetC-silh\043.zip","445393","PASS","710","699","365597","043/fb00/048.png | 043/fb00/049.png | 043/fb00/050.png",""
"GaitDatasetC-silh\044.zip","426527","PASS","633","622","355233","044/fb00/036.png | 044/fb00/037.png | 044/fb00/038.png",""
"GaitDatasetC-silh\045.zip","376711","PASS","537","526","312734","045/fb00/039.png | 045/fb00/040.png | 045/fb00/041.png",""
"GaitDatasetC-silh\046.zip","402786","PASS","605","594","333342","046/fb00/045.png | 046/fb00/046.png | 046/fb00/047.png",""
"GaitDatasetC-silh\047.zip","370628","PASS","563","552","303567","047/fb00/037.png | 047/fb00/038.png | 047/fb00/039.png",""
"GaitDatasetC-silh\048.zip","454129","PASS","634","623","378478","048/fb00/045.png | 048/fb00/046.png | 048/fb00/047.png",""
"GaitDatasetC-silh\049.zip","471415","PASS","686","675","389322","049/fb00/013.png | 049/fb00/014.png | 049/fb00/015.png",""
"GaitDatasetC-silh\050.zip","519235","PASS","668","657","430254","050/fb00/012.png | 050/fb00/013.png | 050/fb00/014.png",""
"GaitDatasetC-silh\051.zip","493626","PASS","690","679","413123","051/fb00/013.png | 051/fb00/014.png | 051/fb00/015.png",""
"GaitDatasetC-silh\052.zip","413806","PASS","601","590","343024","052/fb00/010.png | 052/fb00/011.png | 052/fb00/012.png",""
"GaitDatasetC-silh\053.zip","444511","PASS","621","610","367021","053/fb00/016.png | 053/fb00/017.png | 053/fb00/018.png",""
"GaitDatasetC-silh\054.zip","466419","PASS","621","610","386279","054/fb00/011.png | 054/fb00/012.png | 054/fb00/013.png",""
"GaitDatasetC-silh\055.zip","422962","PASS","610","599","348315","055/fb00/013.png | 055/fb00/014.png | 055/fb00/015.png",""
"GaitDatasetC-silh\056.zip","476088","PASS","633","622","394763","056/fb00/008.png | 056/fb00/009.png | 056/fb00/010.png",""
"GaitDatasetC-silh\057.zip","496035","PASS","831","820","410916","057/fb00/011.png | 057/fb00/012.png | 057/fb00/013.png",""
"GaitDatasetC-silh\058.zip","582322","PASS","852","841","479763","058/fb00/009.png | 058/fb00/010.png | 058/fb00/011.png",""
"GaitDatasetC-silh\059.zip","502944","PASS","743","732","415617","059/fb00/011.png | 059/fb00/012.png | 059/fb00/013.png",""
"GaitDatasetC-silh\060.zip","455339","PASS","585","574","378051","060/fb00/013.png | 060/fb00/014.png | 060/fb00/015.png",""
"GaitDatasetC-silh\061.zip","512300","PASS","687","676","424714","061/fb00/011.png | 061/fb00/012.png | 061/fb00/013.png",""
"GaitDatasetC-silh\062.zip","466947","PASS","653","642","384451","062/fb00/014.png | 062/fb00/015.png | 062/fb00/016.png",""
"GaitDatasetC-silh\063.zip","569518","PASS","750","739","474057","063/fb00/049.png | 063/fb00/050.png | 063/fb00/051.png",""
"GaitDatasetC-silh\064.zip","394860","PASS","561","550","328094","064/fb00/053.png | 064/fb00/054.png | 064/fb00/055.png",""
"GaitDatasetC-silh\065.zip","448943","PASS","614","603","372447","065/fb00/035.png | 065/fb00/036.png | 065/fb00/037.png",""
"GaitDatasetC-silh\066.zip","343402","PASS","619","608","277657","066/fb00/051.png | 066/fb00/052.png | 066/fb00/053.png",""
"GaitDatasetC-silh\067.zip","491100","PASS","710","699","404250","067/fb00/043.png | 067/fb00/044.png | 067/fb00/045.png",""
"GaitDatasetC-silh\068.zip","466474","PASS","604","593","388733","068/fb00/049.png | 068/fb00/050.png | 068/fb00/051.png",""
"GaitDatasetC-silh\069.zip","530966","PASS","655","644","443505","069/fb00/080.png | 069/fb00/081.png | 069/fb00/082.png",""
"GaitDatasetC-silh\070.zip","438766","PASS","624","613","361015","070/fb00/082.png | 070/fb00/083.png | 070/fb00/084.png",""
"GaitDatasetC-silh\071.zip","479440","PASS","636","625","398155","071/fb00/073.png | 071/fb00/074.png | 071/fb00/075.png",""
"GaitDatasetC-silh\072.zip","428300","PASS","674","663","350962","072/fb00/040.png | 072/fb00/041.png | 072/fb00/042.png",""
"GaitDatasetC-silh\073.zip","465457","PASS","677","666","383340","073/fb00/082.png | 073/fb00/083.png | 073/fb00/084.png",""
"GaitDatasetC-silh\074.zip","402595","PASS","663","652","326853","074/fb00/070.png | 074/fb00/071.png | 074/fb00/072.png",""
"GaitDatasetC-silh\075.zip","425949","PASS","621","610","348568","075/fb00/064.png | 075/fb00/065.png | 075/fb00/066.png",""
"GaitDatasetC-silh\076.zip","509056","PASS","691","680","420292","076/fb00/069.png | 076/fb00/070.png | 076/fb00/071.png",""
"GaitDatasetC-silh\077.zip","478222","PASS","673","662","394232","077/fb00/048.png | 077/fb00/049.png | 077/fb00/050.png",""
"GaitDatasetC-silh\078.zip","462717","PASS","609","598","382909","078/fb00/074.png | 078/fb00/075.png | 078/fb00/076.png",""
"GaitDatasetC-silh\079.zip","529258","PASS","682","671","439933","079/fb00/058.png | 079/fb00/059.png | 079/fb00/060.png",""
"GaitDatasetC-silh\080.zip","402937","PASS","623","612","330820","080/fb00/067.png | 080/fb00/068.png | 080/fb00/069.png",""
"GaitDatasetC-silh\081.zip","449501","PASS","715","704","370936","081/fb00/083.png | 081/fb00/084.png | 081/fb00/085.png",""
"GaitDatasetC-silh\082.zip","461031","PASS","726","715","380512","082/fb00/089.png | 082/fb00/090.png | 082/fb00/091.png",""
"GaitDatasetC-silh\083.zip","407861","PASS","622","611","336270","083/fb00/066.png | 083/fb00/067.png | 083/fb00/068.png",""
"GaitDatasetC-silh\084.zip","445115","PASS","594","583","370657","084/fb00/080.png | 084/fb00/081.png | 084/fb00/082.png",""
"GaitDatasetC-silh\085.zip","380584","PASS","578","567","313596","085/fb00/083.png | 085/fb00/084.png | 085/fb00/085.png",""
"GaitDatasetC-silh\086.zip","416892","PASS","648","637","343788","086/fb00/094.png | 086/fb00/095.png | 086/fb00/096.png",""
"GaitDatasetC-silh\087.zip","400586","PASS","606","595","330617","087/fb00/087.png | 087/fb00/088.png | 087/fb00/089.png",""
"GaitDatasetC-silh\088.zip","419859","PASS","604","593","348075","088/fb00/082.png | 088/fb00/083.png | 088/fb00/084.png",""
"GaitDatasetC-silh\089.zip","512645","PASS","743","732","421951","089/fb00/106.png | 089/fb00/107.png | 089/fb00/108.png",""
"GaitDatasetC-silh\090.zip","553234","PASS","838","827","456322","090/fb00/076.png | 090/fb00/077.png | 090/fb00/078.png",""
"GaitDatasetC-silh\091.zip","525736","PASS","752","741","433840","091/fb00/119.png | 091/fb00/120.png | 091/fb00/121.png",""
"GaitDatasetC-silh\092.zip","431737","PASS","601","590","356853","092/fb00/098.png | 092/fb00/099.png | 092/fb00/100.png",""
"GaitDatasetC-silh\093.zip","542657","PASS","800","789","450695","093/fb00/113.png | 093/fb00/114.png | 093/fb00/115.png",""
"GaitDatasetC-silh\094.zip","421719","PASS","656","645","345013","094/fb00/084.png | 094/fb00/085.png | 094/fb00/086.png",""
"GaitDatasetC-silh\095.zip","434096","PASS","592","581","359300","095/fb00/083.png | 095/fb00/084.png | 095/fb00/085.png",""
"GaitDatasetC-silh\096.zip","465807","PASS","621","610","385582","096/fb00/012.png | 096/fb00/013.png | 096/fb00/014.png",""
"GaitDatasetC-silh\097.zip","518119","PASS","734","723","430347","097/fb00/014.png | 097/fb00/015.png | 097/fb00/016.png",""
"GaitDatasetC-silh\098.zip","445991","PASS","609","598","369325","098/fb00/015.png | 098/fb00/016.png | 098/fb00/017.png",""
"GaitDatasetC-silh\099.zip","363712","PASS","570","559","300267","099/fb00/012.png | 099/fb00/013.png | 099/fb00/014.png",""
"GaitDatasetC-silh\100.zip","458662","PASS","660","649","382669","100/fb00/010.png | 100/fb00/011.png | 100/fb00/012.png",""
"GaitDatasetC-silh\101.zip","408688","PASS","664","653","333933","101/fb00/013.png | 101/fb00/014.png | 101/fb00/015.png",""
"GaitDatasetC-silh\102.zip","468428","PASS","662","651","388659","102/fb00/011.png | 102/fb00/012.png | 102/fb00/013.png",""
"GaitDatasetC-silh\103.zip","466374","PASS","691","680","387674","103/fb00/014.png | 103/fb00/015.png | 103/fb00/016.png",""
"GaitDatasetC-silh\104.zip","498842","PASS","740","729","412938","104/fb00/011.png | 104/fb00/012.png | 104/fb00/013.png",""
"GaitDatasetC-silh\105.zip","429970","PASS","652","641","356283","105/fb00/014.png | 105/fb00/015.png | 105/fb00/016.png",""
"GaitDatasetC-silh\106.zip","427810","PASS","629","618","355538","106/fb00/012.png | 106/fb00/013.png | 106/fb00/014.png",""
"GaitDatasetC-silh\107.zip","488006","PASS","697","686","406286","107/fb00/016.png | 107/fb00/017.png | 107/fb00/018.png",""
"GaitDatasetC-silh\108.zip","476783","PASS","765","754","393080","108/fb00/009.png | 108/fb00/010.png | 108/fb00/011.png",""
"GaitDatasetC-silh\109.zip","455570","PASS","705","694","380639","109/fb00/015.png | 109/fb00/016.png | 109/fb00/017.png",""
"GaitDatasetC-silh\110.zip","586294","PASS","775","764","495006","110/fb00/014.png | 110/fb00/015.png | 110/fb00/016.png",""
"GaitDatasetC-silh\111.zip","506426","PASS","606","595","430127","111/fb00/027.png | 111/fb00/028.png | 111/fb00/029.png",""
"GaitDatasetC-silh\112.zip","566945","PASS","744","733","478898","112/fb00/011.png | 112/fb00/012.png | 112/fb00/013.png",""
"GaitDatasetC-silh\113.zip","522908","PASS","626","615","442773","113/fb00/009.png | 113/fb00/010.png | 113/fb00/011.png",""
"GaitDatasetC-silh\114.zip","596947","PASS","676","665","507878","114/fb00/016.png | 114/fb00/017.png | 114/fb00/018.png",""
"GaitDatasetC-silh\115.zip","533200","PASS","661","650","450025","115/fb00/015.png | 115/fb00/016.png | 115/fb00/017.png",""
"GaitDatasetC-silh\116.zip","488090","PASS","608","597","412079","116/fb00/012.png | 116/fb00/013.png | 116/fb00/014.png",""
"GaitDatasetC-silh\117.zip","549345","PASS","701","690","463204","117/fb00/012.png | 117/fb00/013.png | 117/fb00/014.png",""
"GaitDatasetC-silh\118.zip","546483","PASS","742","731","460895","118/fb00/012.png | 118/fb00/013.png | 118/fb00/014.png",""
"GaitDatasetC-silh\119.zip","548828","PASS","709","698","463463","119/fb00/013.png | 119/fb00/014.png | 119/fb00/015.png",""
"GaitDatasetC-silh\120.zip","556966","PASS","730","719","471045","120/fb00/012.png | 120/fb00/013.png | 120/fb00/014.png",""
"GaitDatasetC-silh\121.zip","487754","PASS","626","615","411710","121/fb00/013.png | 121/fb00/014.png | 121/fb00/015.png",""
"GaitDatasetC-silh\122.zip","601104","PASS","749","738","507398","122/fb00/015.png | 122/fb00/016.png | 122/fb00/017.png",""
"GaitDatasetC-silh\123.zip","498143","PASS","615","604","423414","123/fb00/012.png | 123/fb00/013.png | 123/fb00/014.png",""
"GaitDatasetC-silh\124.zip","557526","PASS","672","661","474028","124/fb00/015.png | 124/fb00/016.png | 124/fb00/017.png",""
"GaitDatasetC-silh\125.zip","430193","PASS","592","581","355555","125/fb00/012.png | 125/fb00/013.png | 125/fb00/014.png",""
"GaitDatasetC-silh\126.zip","481450","PASS","634","623","399595","126/fb00/010.png | 126/fb00/011.png | 126/fb00/012.png",""
"GaitDatasetC-silh\127.zip","482251","PASS","674","663","400777","127/fb00/011.png | 127/fb00/012.png | 127/fb00/013.png",""
"GaitDatasetC-silh\128.zip","406589","PASS","600","589","336562","128/fb00/013.png | 128/fb00/014.png | 128/fb00/015.png",""
"GaitDatasetC-silh\129.zip","445285","PASS","608","597","369023","129/fb00/011.png | 129/fb00/012.png | 129/fb00/013.png",""
"GaitDatasetC-silh\130.zip","491217","PASS","704","693","404393","130/fb00/011.png | 130/fb00/012.png | 130/fb00/013.png",""
"GaitDatasetC-silh\131.zip","433750","PASS","647","636","357329","131/fb00/011.png | 131/fb00/012.png | 131/fb00/013.png",""
"GaitDatasetC-silh\132.zip","449229","PASS","688","677","374044","132/fb00/012.png | 132/fb00/013.png | 132/fb00/014.png",""
"GaitDatasetC-silh\133.zip","459935","PASS","655","644","381302","133/fb00/011.png | 133/fb00/012.png | 133/fb00/013.png",""
"GaitDatasetC-silh\134.zip","459013","PASS","599","588","382458","134/fb00/014.png | 134/fb00/015.png | 134/fb00/016.png",""
"GaitDatasetC-silh\135.zip","407970","PASS","612","601","336580","135/fb00/010.png | 135/fb00/011.png | 135/fb00/012.png",""
"GaitDatasetC-silh\136.zip","507290","PASS","722","711","422201","136/fb00/015.png | 136/fb00/016.png | 136/fb00/017.png",""
"GaitDatasetC-silh\137.zip","397233","PASS","547","536","328372","137/fb00/010.png | 137/fb00/011.png | 137/fb00/012.png",""
"GaitDatasetC-silh\138.zip","390207","PASS","563","552","324048","138/fb00/010.png | 138/fb00/011.png | 138/fb00/012.png",""
"GaitDatasetC-silh\139.zip","443308","PASS","645","634","369589","139/fb00/011.png | 139/fb00/012.png | 139/fb00/013.png",""
"GaitDatasetC-silh\140.zip","456855","PASS","643","632","379915","140/fb00/011.png | 140/fb00/012.png | 140/fb00/013.png",""
"GaitDatasetC-silh\141.zip","470812","PASS","702","691","390189","141/fb00/011.png | 141/fb00/012.png | 141/fb00/013.png",""
"GaitDatasetC-silh\142.zip","441016","PASS","682","671","364498","142/fb00/012.png | 142/fb00/013.png | 142/fb00/014.png",""
"GaitDatasetC-silh\143.zip","435365","PASS","780","769","355837","143/fb00/010.png | 143/fb00/011.png | 143/fb00/012.png",""
"GaitDatasetC-silh\144.zip","573645","PASS","786","775","483648","144/fb00/008.png | 144/fb00/009.png | 144/fb00/010.png",""
"GaitDatasetC-silh\145.zip","435613","PASS","607","596","364682","145/fb00/011.png | 145/fb00/012.png | 145/fb00/013.png",""
"GaitDatasetC-silh\146.zip","546712","PASS","792","781","458287","146/fb00/012.png | 146/fb00/013.png | 146/fb00/014.png",""
"GaitDatasetC-silh\147.zip","532813","PASS","672","661","449312","147/fb00/010.png | 147/fb00/011.png | 147/fb00/012.png",""
"GaitDatasetC-silh\148.zip","443881","PASS","621","610","367080","148/fb00/011.png | 148/fb00/012.png | 148/fb00/013.png",""
"GaitDatasetC-silh\149.zip","472652","PASS","635","624","393103","149/fb00/012.png | 149/fb00/013.png | 149/fb00/014.png",""
"GaitDatasetC-silh\150.zip","567326","PASS","678","667","480525","150/fb00/011.png | 150/fb00/012.png | 150/fb00/013.png",""
"GaitDatasetC-silh\151.zip","521483","PASS","764","753","431164","151/fb00/012.png | 151/fb00/013.png | 151/fb00/014.png",""
"GaitDatasetC-silh\152.zip","577041","PASS","722","711","484882","152/fb00/022.png | 152/fb00/023.png | 152/fb00/024.png",""
"GaitDatasetC-silh\153.zip","596986","PASS","774","763","501221","153/fb00/015.png | 153/fb00/016.png | 153/fb00/017.png",""
"TreadmillDatasetB.zip","438488738","PASS_LIST_ONLY_ENCRYPTED","486004","486004","290758377","00001M4000A0/00000001.png | 00001M4000A0/00000002.png | 00001M4000A0/00000003.png","All entries are encrypted. Central directory parsed successfully; file contents require the original dataset password for CRC/checksum validation."
