"collection","relative_path_pattern","kind","source_dataset","source_confidence","files","size_bytes","subject_count","subjects","class_counts","lineage_notes"
"OU-ISIR Treadmill Dataset B archive","TreadmillDatasetB.zip","raw archive","OU-ISIR Treadmill Dataset B","high","1","438488738","0","","","Origin identified by filename and Links.txt; redistribution terms require review."
"CASIA Dataset A archive","Gait\dataset_a.zip","raw archive","CASIA Dataset A","medium","1","4671618","0","","","Inferred from filename and presentation; verify against original acquisition record."
"CASIA Dataset C subject archives","GaitDatasetC-silh\*.zip","raw archives","CASIA Dataset C silhouettes","high","153","69690077","153","001-153 archives","","153 subject-numbered archives."
"CASIA Dataset C extracted subset","GaitDatasetC-silh\[subject folders]","extracted raw subset","CASIA Dataset C silhouettes","high","1947","1048860","3","003, 030, 140","","Only subjects 003, 030, and 140 are extracted locally."
"Current classified collection","Gait_classified","derived labeled data","Likely CASIA A/C-derived","medium","932","733184","4","fyc, hy, ljg, lqf","heel_strike=103; other=735; toe_off=94","Manual labels present; parent archive and labeling protocol are not documented."
"Legacy classified collection","Gait Phase Classification\Gait_classified_legacy","derived labeled data","Likely CASIA A/C-derived","medium","625","479977","4","fyc, hy, ljg, lqf","heel_strike=103; other=522","Legacy partial manual labels; parent archive is not documented."
"Training collection","Gait\Train","derived training data","Likely CASIA A/C-derived","medium","1172","946702","13","fyc, hy, ljg, lqf, lsl, ml, nhz, rj, syj, wl, wq, wyc, xch","heel_strike=297; other=875","Current contents do not match the saved notebook run."
"Test collection","Gait\Test","derived test data","Likely CASIA-derived","medium","30","22627","1","fyc","Heal_Strike=14; Toe=16","One subject only; class names differ from training labels."
"CASIA Dataset A extracted during inventory","Gait\dataset_a","extracted raw/derived source collection","CASIA Dataset A","high","4571","3889931","20","fyc, hy, ljg, lqf, lsl, ml, nhz, rj, syj, wl, wq, wyc, xch, xxj, yjf, zc, zdx, zjg, zl, zyf","heel_strike=440; other=3523; toe_off=608","Appeared while inventory was running after Gait\dataset_a.zip disappeared. Counts, paths, and total uncompressed bytes correspond to the initial archive. Exact archive-to-folder content comparison was not possible after the archive disappeared."
