"relative_path","size_bytes","sha256"
"inventory\2026-08-27_initial_snapshot\archive_integrity.csv","19881","E4897B0CCB7356289C078A6532626002072B61BFFC3EEEE06698787417868347"
"inventory\2026-08-27_initial_snapshot\dataset_a_lineage_matches.csv","485900","1AF1B3A7BC1C4939B81533BC7ED9B1FEE1F09E560976FB6D214E397F2C7E8EB8"
"inventory\2026-08-27_initial_snapshot\dataset_a_lineage_summary.csv","502","41D3659CE9533FC6F74D17DC2DDA64AE12C59C68739976A2BC5BA849B42F0710"
"inventory\2026-08-27_initial_snapshot\dataset_a_source_duplicate_content.csv","1100","172271D2AB0904D2142F353AF78F316598401808FB8955D42E51F8528948F6F6"
"inventory\2026-08-27_initial_snapshot\dataset_collections.csv","2547","6D90A78C5E4EF0DA23CFED58F4D925D644B06C7AC9ED553109318E42C91E7349"
"inventory\2026-08-27_initial_snapshot\duplicate_groups.csv","195026","33409969E30659A1240D9A512DEC32C95208CB42B4F4E2E0448DBACBBCCA14FD"
"inventory\2026-08-27_initial_snapshot\duplicate_members.csv","312006","FDE0CD20A9C4C5D55E1938CB280DDB664E1E6C7DEF5536E7647C257B97446232"
"inventory\2026-08-27_initial_snapshot\extraction_verification.csv","374","CD1A844E2ACEAA6D8344C7F6C94F974145AAC64E938CB9EB89755D455D02161E"
"inventory\2026-08-27_initial_snapshot\file_manifest_current_after_drift.csv","1394645","34252F89D5FF4A30569332EBFD707E1FD5A727C417A4912FB53500004A7174C3"
"inventory\2026-08-27_initial_snapshot\file_manifest_final_observed.csv","1394380","41C6ADF7C5CFA8363B4ED6D34154EE57DFCAF9AD17F6B8BBC0EAD4FDA5AE8C8C"
"inventory\2026-08-27_initial_snapshot\file_manifest.csv","1608774","96DFFDD6B106A86358242F464958000EE4A07AB1BB84C703DA0D02B932B14DDF"
"inventory\2026-08-27_initial_snapshot\PRESERVATION_REPORT.md","8382","5190FF47D7202F37AD638E3C15C40CECF91403A01DBBB88D537D0559DA127823"
"inventory\2026-08-27_initial_snapshot\preserved_originals\Assignment 1_Ponkoj.docx","19188","2980F9EAE0FE71273B7C2A13BA24B8301038E739A42C788CFEC0051B8AA62B0D"
"inventory\2026-08-27_initial_snapshot\preserved_originals\Graduate Section.docx","14659","84526FEB8D5687CE0CA4BA941E598FBA9EA56C0F02ADC94A7FBC0789BD616C94"
"inventory\2026-08-27_initial_snapshot\summary_by_category.csv","374","AA3A4A1C4C8F09829D6F9CECD1A35623825591A265155F75E67514F7E3CE2996"
"inventory\2026-08-27_initial_snapshot\summary_by_extension.csv","254","1BBE982892F21B9E45E0612DEF0704F07B3089D7CA057C378013F5551FBFF8D5"
"inventory\2026-08-27_initial_snapshot\workspace_drift_final.csv","835765","2B3E2F5E4932A21229838771D60136E840C239644383888579609294811A53DC"
"inventory\2026-08-27_initial_snapshot\workspace_drift.csv","1081996","600414946DD8AB29BE8F63995F8C9CEF6DCFEC58ED6C44166A78ECB38F7A3390"
"inventory\README.md","782","C4AF4E1805B485A941BB148177BFEA90B60F48279C85ABB718EB6CCFCE505037"
