"action","source","destination","reason"
"move_directory","Gait","legacy\training_workspace","Preserve historical code, models, Train, Test, and Dataset A relative layout intact."
"move_directory","GaitDatasetC-silh","data\raw\casia_c","Place CASIA C archives and verified extracted subjects under raw data."
"move_file","TreadmillDatasetB.zip","data\raw\ou_isir\TreadmillDatasetB.zip","Place encrypted OU-ISIR raw archive under raw data."
"move_directory","Gait_classified","data\processed\gait_events\current","Place current manually labeled gait-event data under processed data."
"move_directory","Gait Phase Classification\Gait_classified_legacy","data\processed\gait_events\legacy","Place legacy labels beside the current labeled collection."
"move_directory","models","artifacts\models\standalone","Place the standalone checkpoint under generated artifacts."
"move_file","Gait_Classification_Models.ipynb","notebooks\legacy\Gait_Classification_Models.ipynb","Place the duplicate root notebook under legacy notebooks."
"move_file","gait_project_pp.pptx","docs\presentations\gait_project_pp.pptx","Place the historical presentation under documentation."
"move_file","Gait Phase Classification\Gait Phase Classification.docx","docs\paper\Gait Phase Classification.docx","Place the manuscript under documentation."
"move_file","Gait Phase Classification\Comparison_of_gait_phase_detection.pdf","docs\references\gait\Comparison_of_gait_phase_detection.pdf","Place reference paper under documentation."
"move_file","Gait Phase Classification\Deep_Learning_for_Quantified_Gait_Analysis_A_Systematic_Literature_Review.pdf","docs\references\gait\Deep_Learning_for_Quantified_Gait_Analysis_A_Systematic_Literature_Review.pdf","Place reference paper under documentation."
"move_file","Gait Phase Classification\Gait_Phase_Classification_Using_sEMG_in_Multiple_Locomotion_mode_Using_Deep_Learning.pdf","docs\references\gait\Gait_Phase_Classification_Using_sEMG_in_Multiple_Locomotion_mode_Using_Deep_Learning.pdf","Place reference paper under documentation."
"move_file","Gait Phase Classification\Real-Time_Wearable_Gait_Phase-Segmentation.pdf","docs\references\gait\Real-Time_Wearable_Gait_Phase-Segmentation.pdf","Place reference paper under documentation."
"move_file","Gait Phase Classification\vigne1-3434513-large.gif","docs\assets\reference\vigne1-3434513-large.gif","Place reference visual under documentation assets."
"move_file","image.png","docs\assets\image.png","Place gait-cycle figure under documentation assets."
"move_file","Links.txt","docs\notes\Links.txt","Place dataset and model links under documentation notes."
"copy_preserved","inventory\2026-08-27_initial_snapshot\preserved_originals\Assignment 1_Ponkoj.docx","docs\coursework\Assignment 1_Ponkoj.docx","Make the preserved coursework document accessible in the organized tree."
"copy_preserved","inventory\2026-08-27_initial_snapshot\preserved_originals\Graduate Section.docx","docs\coursework\Graduate Section.docx","Make the preserved coursework document accessible in the organized tree."
